id,created_at,updated_at,email,encrypted_password,reset_password_token,reset_password_sent_at,remember_created_at,first_name,last_name,status,inactive_reason,phone_number,bio,timezone,title,linkedin_link,profile_picture,skills_array,shortlist
549,2024-12-05 18:43:34.747857,2024-12-05 18:43:34.747857,ofelia@example.com,$2a$12$xzIu337NNE6aJUoK42WdH.s8XqZ3znJroCtiDE7fPz4f8nq..Er02,,,,Ofelia,Kuvalis,inactive,,294-415-8364,"Rich gifts wax poor when givers prove unkind. What a piece of work is man! How noble in reason, how infinite in faculty! In form and moving how express and admirable! In action how like an angel, in apprehension how like a god! The beauty of the world. The paragon of animals.",Mountain Standard Time (MST) - UTC-7,Trainee,https://www.linkedin.com/in/ofelia-kuvalis-76656/,"https://api.dicebear.com/9.x/notionists/svg?seed=Sammy&radius=50&backgroundColor=D2042D&bodyIcon=galaxy,
                  saturn,electric&bodyIconProbability=10&gesture=hand,handPhone,ok,okLongArm,point,pointLongArm,waveLongArm&gestureProbability=20&
                  lips=variant01,variant02,variant03,variant04,variant05,variant06,variant07,variant08,variant10,variant11,variant13,
                  variant14,variant15,variant16,variant17,variant18,variant19,variant20,variant21,variant22,variant23,variant24,variant25,
                  variant26,variant27,variant29,variant30","{Ruby,Ruby}",{}
550,2024-12-05 18:43:35.182996,2024-12-05 18:43:35.182996,migdalia@example.com,$2a$12$Q2y7Fut/TwG.y.lxV8i1L.B7RwmNBjo9ySrtFNrgQiMQ0UdVFqdO.,,,,Migdalia,Veum,active,,547 603 9327,"Though this be madness, yet there is method in't. Rich gifts wax poor when givers prove unkind.",Eastern Standard Time (EST) - UTC-5,Product Manager,https://www.linkedin.com/in/migdalia-veum-14976/,"https://api.dicebear.com/9.x/notionists/svg?seed=Mimi&radius=50&backgroundColor=D2042D&bodyIcon=galaxy,
                  saturn,electric&bodyIconProbability=10&gesture=hand,handPhone,ok,okLongArm,point,pointLongArm,waveLongArm&gestureProbability=20&
                  lips=variant01,variant02,variant03,variant04,variant05,variant06,variant07,variant08,variant10,variant11,variant13,
                  variant14,variant15,variant16,variant17,variant18,variant19,variant20,variant21,variant22,variant23,variant24,variant25,
                  variant26,variant27,variant29,variant30","{Python,Python}",{}
519,2024-12-05 18:43:21.659175,2024-12-05 18:43:21.659175,jospeh@example.com,$2a$12$jttq5cZ41K835zsBRsiDs.KEuzv7uiJHrQkFKM5tbprET.R1IaHqK,,,,Jospeh,Hudson,active,,931.024.3041,"Doubt thou the stars are fire, doubt that the sun doth move, doubt truth to be a liar, but never doubt I love. What a piece of work is man! How noble in reason, how infinite in faculty! In form and moving how express and admirable! In action how like an angel, in apprehension how like a god! The beauty of the world. The paragon of animals.",Mountain Standard Time (MST) - UTC-7,Trainee,https://www.linkedin.com/in/jospeh-hudson-31771/,"https://api.dicebear.com/9.x/notionists/svg?seed=Jasmine&radius=50&backgroundColor=D2042D&bodyIcon=galaxy,
                  saturn,electric&bodyIconProbability=10&gesture=hand,handPhone,ok,okLongArm,point,pointLongArm,waveLongArm&gestureProbability=20&
                  lips=variant01,variant02,variant03,variant04,variant05,variant06,variant07,variant08,variant10,variant11,variant13,
                  variant14,variant15,variant16,variant17,variant18,variant19,variant20,variant21,variant22,variant23,variant24,variant25,
                  variant26,variant27,variant29,variant30","{Organization,Leadership}",{}
520,2024-12-05 18:43:22.087786,2024-12-05 18:43:22.087786,bruce@example.com,$2a$12$bWVpYxtGiKxbf7Jx3teeYeuA9qgefYkAUSdVbRjlt3Z8b4I3kltAW,,,,Bruce,Johnston,active,,9677829590,"What a piece of work is man! How noble in reason, how infinite in faculty! In form and moving how express and admirable! In action how like an angel, in apprehension how like a god! The beauty of the world. The paragon of animals. That it should come to this!",Mountain Standard Time (MST) - UTC-7,Software Engineer,https://www.linkedin.com/in/bruce-johnston-37510/,"https://api.dicebear.com/9.x/notionists/svg?seed=Dusty&radius=50&backgroundColor=D2042D&bodyIcon=galaxy,
                  saturn,electric&bodyIconProbability=10&gesture=hand,handPhone,ok,okLongArm,point,pointLongArm,waveLongArm&gestureProbability=20&
                  lips=variant01,variant02,variant03,variant04,variant05,variant06,variant07,variant08,variant10,variant11,variant13,
                  variant14,variant15,variant16,variant17,variant18,variant19,variant20,variant21,variant22,variant23,variant24,variant25,
                  variant26,variant27,variant29,variant30","{Leadership,Networking}",{}
521,2024-12-05 18:43:22.516383,2024-12-05 18:43:22.516383,lucio@example.com,$2a$12$k44aYto.6xthoOFYggIprOWY.KWG1f9.CVGshVDGimDQyiqAfAPui,,,,Lucio,Schowalter,active,,960-512-3423,I will speak daggers to her but use none. I will speak daggers to her but use none.,Central Standard Time (CST) - UTC-6,Trainee,https://www.linkedin.com/in/lucio-schowalter-23598/,"https://api.dicebear.com/9.x/notionists/svg?seed=Abby&radius=50&backgroundColor=D2042D&bodyIcon=galaxy,
                  saturn,electric&bodyIconProbability=10&gesture=hand,handPhone,ok,okLongArm,point,pointLongArm,waveLongArm&gestureProbability=20&
                  lips=variant01,variant02,variant03,variant04,variant05,variant06,variant07,variant08,variant10,variant11,variant13,
                  variant14,variant15,variant16,variant17,variant18,variant19,variant20,variant21,variant22,variant23,variant24,variant25,
                  variant26,variant27,variant29,variant30","{Ruby,Writing}",{}
522,2024-12-05 18:43:22.975173,2024-12-05 18:43:22.975173,waldo@example.com,$2a$12$2Yu1uhXT9KH3IhlsN55Nj.LncV1vorbZTPsX7nKPiKUy4E/TudX4a,,,,Waldo,Bruen,active,,926.119.2291,"A little more than kin, and less than kind. Do you think I am easier to be played on than a pipe?",Pacific Standard Time (PST) - UTC-8,Software Engineer,https://www.linkedin.com/in/waldo-bruen-21146/,"https://api.dicebear.com/9.x/notionists/svg?seed=Mittens&radius=50&backgroundColor=D2042D&bodyIcon=galaxy,
                  saturn,electric&bodyIconProbability=10&gesture=hand,handPhone,ok,okLongArm,point,pointLongArm,waveLongArm&gestureProbability=20&
                  lips=variant01,variant02,variant03,variant04,variant05,variant06,variant07,variant08,variant10,variant11,variant13,
                  variant14,variant15,variant16,variant17,variant18,variant19,variant20,variant21,variant22,variant23,variant24,variant25,
                  variant26,variant27,variant29,variant30","{Communication,Communication}",{}
523,2024-12-05 18:43:23.407751,2024-12-05 18:43:23.407751,julio@example.com,$2a$12$WvRv322JcF3duY2Noyfi3Ot.Qxv4qGMsE2mUvNJoT8XKaNHs0zzla,,,,Julio,Olson,active,,135.005.2186,"This above all: to thine own self be true, and it must follow, as the night the day, thou canst not then be false to any man. Rich gifts wax poor when givers prove unkind.",Eastern Standard Time (EST) - UTC-5,Observer,https://www.linkedin.com/in/julio-olson-41435/,"https://api.dicebear.com/9.x/notionists/svg?seed=Jasmine&radius=50&backgroundColor=D2042D&bodyIcon=galaxy,
                  saturn,electric&bodyIconProbability=10&gesture=hand,handPhone,ok,okLongArm,point,pointLongArm,waveLongArm&gestureProbability=20&
                  lips=variant01,variant02,variant03,variant04,variant05,variant06,variant07,variant08,variant10,variant11,variant13,
                  variant14,variant15,variant16,variant17,variant18,variant19,variant20,variant21,variant22,variant23,variant24,variant25,
                  variant26,variant27,variant29,variant30","{Leadership,Python}",{}
524,2024-12-05 18:43:23.837373,2024-12-05 18:43:23.837373,kip@example.com,$2a$12$wocleC21JJZVgWRm1S3CNeXYuuxax1VKIGjiCV3NZAUZ5HW//WRlC,,,,Kip,Witting,inactive,,3726629774,"I will speak daggers to her but use none. This above all: to thine own self be true, and it must follow, as the night the day, thou canst not then be false to any man.",Mountain Standard Time (MST) - UTC-7,Trainee,https://www.linkedin.com/in/kip-witting-72242/,"https://api.dicebear.com/9.x/notionists/svg?seed=Boo&radius=50&backgroundColor=D2042D&bodyIcon=galaxy,
                  saturn,electric&bodyIconProbability=10&gesture=hand,handPhone,ok,okLongArm,point,pointLongArm,waveLongArm&gestureProbability=20&
                  lips=variant01,variant02,variant03,variant04,variant05,variant06,variant07,variant08,variant10,variant11,variant13,
                  variant14,variant15,variant16,variant17,variant18,variant19,variant20,variant21,variant22,variant23,variant24,variant25,
                  variant26,variant27,variant29,variant30","{Ruby,Organization}",{}
525,2024-12-05 18:43:24.266568,2024-12-05 18:43:24.266568,drusilla@example.com,$2a$12$/gwvOpBdM5lLt0CbFIzv4u/9ZXeOnxlsBO4lsogdhCFG2EJbJ9avq,,,,Drusilla,Leuschke,archived,,412.082.0520,"Do you think I am easier to be played on than a pipe? There is nothing either good or bad, but thinking makes it so.",Eastern Standard Time (EST) - UTC-5,IT Technician,https://www.linkedin.com/in/drusilla-leuschke-15549/,"https://api.dicebear.com/9.x/notionists/svg?seed=Abby&radius=50&backgroundColor=D2042D&bodyIcon=galaxy,
                  saturn,electric&bodyIconProbability=10&gesture=hand,handPhone,ok,okLongArm,point,pointLongArm,waveLongArm&gestureProbability=20&
                  lips=variant01,variant02,variant03,variant04,variant05,variant06,variant07,variant08,variant10,variant11,variant13,
                  variant14,variant15,variant16,variant17,variant18,variant19,variant20,variant21,variant22,variant23,variant24,variant25,
                  variant26,variant27,variant29,variant30","{Leadership,Communication}",{}
526,2024-12-05 18:43:24.694799,2024-12-05 18:43:24.694799,michale@example.com,$2a$12$xGm8TQTUAyGz7OZwIrp6quXCPaK0LkhYPi1wU2QX1JWG5gELM3z1i,,,,Michale,Blanda,active,,3508413456,"I will speak daggers to her but use none. Neither a borrower nor a lender be; For loan oft loses both itself and friend, and borrowing dulls the edge of husbandry.",Eastern Standard Time (EST) - UTC-5,Trainee,https://www.linkedin.com/in/michale-blanda-84847/,"https://api.dicebear.com/9.x/notionists/svg?seed=Mimi&radius=50&backgroundColor=D2042D&bodyIcon=galaxy,
                  saturn,electric&bodyIconProbability=10&gesture=hand,handPhone,ok,okLongArm,point,pointLongArm,waveLongArm&gestureProbability=20&
                  lips=variant01,variant02,variant03,variant04,variant05,variant06,variant07,variant08,variant10,variant11,variant13,
                  variant14,variant15,variant16,variant17,variant18,variant19,variant20,variant21,variant22,variant23,variant24,variant25,
                  variant26,variant27,variant29,variant30","{Writing,Java}",{}
527,2024-12-05 18:43:25.123531,2024-12-05 18:43:25.123531,odelia@example.com,$2a$12$CvWol3wTEzUwMGUU.fiAhegdPHyKszanP2OQ3SJOR9l/3TYbCWs3.,,,,Odelia,Mccullough,inactive,,727-137-5817,"This above all: to thine own self be true, and it must follow, as the night the day, thou canst not then be false to any man. When sorrows come, they come not single spies but in battalions.",Central Standard Time (CST) - UTC-6,Consultant,https://www.linkedin.com/in/odelia-mccullough-26388/,"https://api.dicebear.com/9.x/notionists/svg?seed=Mimi&radius=50&backgroundColor=D2042D&bodyIcon=galaxy,
                  saturn,electric&bodyIconProbability=10&gesture=hand,handPhone,ok,okLongArm,point,pointLongArm,waveLongArm&gestureProbability=20&
                  lips=variant01,variant02,variant03,variant04,variant05,variant06,variant07,variant08,variant10,variant11,variant13,
                  variant14,variant15,variant16,variant17,variant18,variant19,variant20,variant21,variant22,variant23,variant24,variant25,
                  variant26,variant27,variant29,variant30","{Writing,Organization}",{}
528,2024-12-05 18:43:25.688842,2024-12-05 18:43:25.688842,wen@example.com,$2a$12$beXK8VWUTc47nZGfmRgh..iRFJOPB6X/zPJeW.rtV5VEsyiCD2UcK,,,,Wen,Paucek,active,,107-423-1006,"Though this be madness, yet there is method in't. The lady doth protest too much, methinks.",Eastern Standard Time (EST) - UTC-5,Program Organizer,https://www.linkedin.com/in/wen-paucek-11651/,"https://api.dicebear.com/9.x/notionists/svg?seed=Baby&radius=50&backgroundColor=D2042D&bodyIcon=galaxy,
                  saturn,electric&bodyIconProbability=10&gesture=hand,handPhone,ok,okLongArm,point,pointLongArm,waveLongArm&gestureProbability=20&
                  lips=variant01,variant02,variant03,variant04,variant05,variant06,variant07,variant08,variant10,variant11,variant13,
                  variant14,variant15,variant16,variant17,variant18,variant19,variant20,variant21,variant22,variant23,variant24,variant25,
                  variant26,variant27,variant29,variant30","{Ruby,Ruby}",{}
529,2024-12-05 18:43:26.116036,2024-12-05 18:43:26.116036,rigoberto@example.com,$2a$12$q5ZuNkqabDKw73oCvVBLT.IaYaDTWC9/xR4GEoETZrt.a9wiLanAO,,,,Rigoberto,Heller,inactive,,628.015.2082,"A little more than kin, and less than kind. There is nothing either good or bad, but thinking makes it so.",Pacific Standard Time (PST) - UTC-8,Trainee,https://www.linkedin.com/in/rigoberto-heller-95534/,"https://api.dicebear.com/9.x/notionists/svg?seed=Lucy&radius=50&backgroundColor=D2042D&bodyIcon=galaxy,
                  saturn,electric&bodyIconProbability=10&gesture=hand,handPhone,ok,okLongArm,point,pointLongArm,waveLongArm&gestureProbability=20&
                  lips=variant01,variant02,variant03,variant04,variant05,variant06,variant07,variant08,variant10,variant11,variant13,
                  variant14,variant15,variant16,variant17,variant18,variant19,variant20,variant21,variant22,variant23,variant24,variant25,
                  variant26,variant27,variant29,variant30","{Communication,Communication}",{}
530,2024-12-05 18:43:26.544073,2024-12-05 18:43:26.544073,wiley@example.com,$2a$12$jPE68KFgwfP36CkoLD.Qzen73VMj0AL68ge/v.2f9cJubL0aT2Tba,,,,Wiley,Jenkins,inactive,,943-881-0922,"Though this be madness, yet there is method in't. I will speak daggers to her but use none.",Pacific Standard Time (PST) - UTC-8,Trainee,https://www.linkedin.com/in/wiley-jenkins-97446/,"https://api.dicebear.com/9.x/notionists/svg?seed=Maggie&radius=50&backgroundColor=D2042D&bodyIcon=galaxy,
                  saturn,electric&bodyIconProbability=10&gesture=hand,handPhone,ok,okLongArm,point,pointLongArm,waveLongArm&gestureProbability=20&
                  lips=variant01,variant02,variant03,variant04,variant05,variant06,variant07,variant08,variant10,variant11,variant13,
                  variant14,variant15,variant16,variant17,variant18,variant19,variant20,variant21,variant22,variant23,variant24,variant25,
                  variant26,variant27,variant29,variant30","{Leadership,Leadership}",{}
531,2024-12-05 18:43:26.971154,2024-12-05 18:43:26.971154,marva@example.com,$2a$12$NhcwCHm2mwzXS/sPC25QLOqMjAEnMj8R8YL/kdDBeXzETOIcC60b6,,,,Marva,Jast,inactive,,554.676.9463,"Though this be madness, yet there is method in't. When sorrows come, they come not single spies but in battalions.",Mountain Standard Time (MST) - UTC-7,Trainee,https://www.linkedin.com/in/marva-jast-82094/,"https://api.dicebear.com/9.x/notionists/svg?seed=Lucky&radius=50&backgroundColor=D2042D&bodyIcon=galaxy,
                  saturn,electric&bodyIconProbability=10&gesture=hand,handPhone,ok,okLongArm,point,pointLongArm,waveLongArm&gestureProbability=20&
                  lips=variant01,variant02,variant03,variant04,variant05,variant06,variant07,variant08,variant10,variant11,variant13,
                  variant14,variant15,variant16,variant17,variant18,variant19,variant20,variant21,variant22,variant23,variant24,variant25,
                  variant26,variant27,variant29,variant30","{Communication,Leadership}",{}
532,2024-12-05 18:43:27.402545,2024-12-05 18:43:27.402545,james@example.com,$2a$12$eNIX17NH9VIxY8QqtCX7iuUQcI0o.EqJETnB7KjZao3IWPg8PA1Mi,,,,James,Auer,archived,,7381006701,"Brevity is the soul of wit. What a piece of work is man! How noble in reason, how infinite in faculty! In form and moving how express and admirable! In action how like an angel, in apprehension how like a god! The beauty of the world. The paragon of animals.",Eastern Standard Time (EST) - UTC-5,Trainee,https://www.linkedin.com/in/james-auer-43439/,"https://api.dicebear.com/9.x/notionists/svg?seed=Baby&radius=50&backgroundColor=D2042D&bodyIcon=galaxy,
                  saturn,electric&bodyIconProbability=10&gesture=hand,handPhone,ok,okLongArm,point,pointLongArm,waveLongArm&gestureProbability=20&
                  lips=variant01,variant02,variant03,variant04,variant05,variant06,variant07,variant08,variant10,variant11,variant13,
                  variant14,variant15,variant16,variant17,variant18,variant19,variant20,variant21,variant22,variant23,variant24,variant25,
                  variant26,variant27,variant29,variant30","{Java,Java}",{}
533,2024-12-05 18:43:27.827675,2024-12-05 18:43:27.827675,lyman@example.com,$2a$12$wc5UUM/ITpYkGo.L8oWnFOIQWjuEZoU7LPP2F9pirNy2UDjDnKUEW,,,,Lyman,Borer,archived,,673-708-6593,"Rich gifts wax poor when givers prove unkind. To be, or not to be, that is the question",Mountain Standard Time (MST) - UTC-7,Trainee,https://www.linkedin.com/in/lyman-borer-71318/,"https://api.dicebear.com/9.x/notionists/svg?seed=Lily&radius=50&backgroundColor=D2042D&bodyIcon=galaxy,
                  saturn,electric&bodyIconProbability=10&gesture=hand,handPhone,ok,okLongArm,point,pointLongArm,waveLongArm&gestureProbability=20&
                  lips=variant01,variant02,variant03,variant04,variant05,variant06,variant07,variant08,variant10,variant11,variant13,
                  variant14,variant15,variant16,variant17,variant18,variant19,variant20,variant21,variant22,variant23,variant24,variant25,
                  variant26,variant27,variant29,variant30","{Java,Python}",{}
534,2024-12-05 18:43:28.264481,2024-12-05 18:43:28.264481,florine@example.com,$2a$12$zRjy0YnJeDrZbZhmKA5oJeVAamdZZMDgJVuxLyIrjD8FDPrn3ijdu,,,,Florine,Quigley,active,,(808) 222 3493,Brevity is the soul of wit. Do you think I am easier to be played on than a pipe?,Central Standard Time (CST) - UTC-6,Technical Support,https://www.linkedin.com/in/florine-quigley-61334/,"https://api.dicebear.com/9.x/notionists/svg?seed=Lucy&radius=50&backgroundColor=D2042D&bodyIcon=galaxy,
                  saturn,electric&bodyIconProbability=10&gesture=hand,handPhone,ok,okLongArm,point,pointLongArm,waveLongArm&gestureProbability=20&
                  lips=variant01,variant02,variant03,variant04,variant05,variant06,variant07,variant08,variant10,variant11,variant13,
                  variant14,variant15,variant16,variant17,variant18,variant19,variant20,variant21,variant22,variant23,variant24,variant25,
                  variant26,variant27,variant29,variant30","{Leadership,Python}",{}
535,2024-12-05 18:43:28.691782,2024-12-05 18:43:28.691782,dean@example.com,$2a$12$NxTArt.EZqCtkjAqJg2fNef3mkNnXeK1jotg9zPxlLT9oSwc2b96O,,,,Dean,Kertzmann,inactive,,(365) 401-8572,"I will speak daggers to her but use none. Doubt thou the stars are fire, doubt that the sun doth move, doubt truth to be a liar, but never doubt I love.",Pacific Standard Time (PST) - UTC-8,Trainee,https://www.linkedin.com/in/dean-kertzmann-31720/,"https://api.dicebear.com/9.x/notionists/svg?seed=Lucky&radius=50&backgroundColor=D2042D&bodyIcon=galaxy,
                  saturn,electric&bodyIconProbability=10&gesture=hand,handPhone,ok,okLongArm,point,pointLongArm,waveLongArm&gestureProbability=20&
                  lips=variant01,variant02,variant03,variant04,variant05,variant06,variant07,variant08,variant10,variant11,variant13,
                  variant14,variant15,variant16,variant17,variant18,variant19,variant20,variant21,variant22,variant23,variant24,variant25,
                  variant26,variant27,variant29,variant30","{Communication,Communication}",{}
536,2024-12-05 18:43:29.117451,2024-12-05 18:43:29.117451,evie@example.com,$2a$12$Eiy4dW5YNIdQq/AX/WW5uuRLnrfYDY8h0R4c/AQvOE19roudsENGK,,,,Evie,Hansen,active,,898 727 3406,"What a piece of work is man! How noble in reason, how infinite in faculty! In form and moving how express and admirable! In action how like an angel, in apprehension how like a god! The beauty of the world. The paragon of animals. What a piece of work is man! How noble in reason, how infinite in faculty! In form and moving how express and admirable! In action how like an angel, in apprehension how like a god! The beauty of the world. The paragon of animals.",Central Standard Time (CST) - UTC-6,Technical Support,https://www.linkedin.com/in/evie-hansen-41526/,"https://api.dicebear.com/9.x/notionists/svg?seed=Socks&radius=50&backgroundColor=D2042D&bodyIcon=galaxy,
                  saturn,electric&bodyIconProbability=10&gesture=hand,handPhone,ok,okLongArm,point,pointLongArm,waveLongArm&gestureProbability=20&
                  lips=variant01,variant02,variant03,variant04,variant05,variant06,variant07,variant08,variant10,variant11,variant13,
                  variant14,variant15,variant16,variant17,variant18,variant19,variant20,variant21,variant22,variant23,variant24,variant25,
                  variant26,variant27,variant29,variant30","{Organization,Organization}",{}
537,2024-12-05 18:43:29.548201,2024-12-05 18:43:29.548201,ranee@example.com,$2a$12$RI9r.N/ezkJbQ2Inr43GnO5N1eYAfVcjjdsYf88Lwsum/3q4GGBje,,,,Ranee,Collins,active,,145.993.5739,"I will speak daggers to her but use none. Doubt thou the stars are fire, doubt that the sun doth move, doubt truth to be a liar, but never doubt I love.",Eastern Standard Time (EST) - UTC-5,Trainee,https://www.linkedin.com/in/ranee-collins-80595/,"https://api.dicebear.com/9.x/notionists/svg?seed=Lucky&radius=50&backgroundColor=D2042D&bodyIcon=galaxy,
                  saturn,electric&bodyIconProbability=10&gesture=hand,handPhone,ok,okLongArm,point,pointLongArm,waveLongArm&gestureProbability=20&
                  lips=variant01,variant02,variant03,variant04,variant05,variant06,variant07,variant08,variant10,variant11,variant13,
                  variant14,variant15,variant16,variant17,variant18,variant19,variant20,variant21,variant22,variant23,variant24,variant25,
                  variant26,variant27,variant29,variant30","{Python,Organization}",{}
538,2024-12-05 18:43:29.976619,2024-12-05 18:43:29.976619,cesar@example.com,$2a$12$dH1U.KT1NYXuyC4x/uwL1O0rc6Qlz..pvSFSwIV/CilbLDrLtzhS2,,,,Cesar,Mayert,active,,(797) 084-0149,Brevity is the soul of wit. That it should come to this!,Pacific Standard Time (PST) - UTC-8,Trainee,https://www.linkedin.com/in/cesar-mayert-80729/,"https://api.dicebear.com/9.x/notionists/svg?seed=Sammy&radius=50&backgroundColor=D2042D&bodyIcon=galaxy,
                  saturn,electric&bodyIconProbability=10&gesture=hand,handPhone,ok,okLongArm,point,pointLongArm,waveLongArm&gestureProbability=20&
                  lips=variant01,variant02,variant03,variant04,variant05,variant06,variant07,variant08,variant10,variant11,variant13,
                  variant14,variant15,variant16,variant17,variant18,variant19,variant20,variant21,variant22,variant23,variant24,variant25,
                  variant26,variant27,variant29,variant30","{Writing,Ruby}",{}
539,2024-12-05 18:43:30.406647,2024-12-05 18:43:30.406647,josue@example.com,$2a$12$rJLAiUetaOoAQaDnriKasen.o6JCnTjNookaWRPeS1.KtTrpf/pjK,,,,Josue,Harris,active,,(576) 800-1531,"Rich gifts wax poor when givers prove unkind. There is nothing either good or bad, but thinking makes it so.",Eastern Standard Time (EST) - UTC-5,Trainee,https://www.linkedin.com/in/josue-harris-92171/,"https://api.dicebear.com/9.x/notionists/svg?seed=Pepper&radius=50&backgroundColor=D2042D&bodyIcon=galaxy,
                  saturn,electric&bodyIconProbability=10&gesture=hand,handPhone,ok,okLongArm,point,pointLongArm,waveLongArm&gestureProbability=20&
                  lips=variant01,variant02,variant03,variant04,variant05,variant06,variant07,variant08,variant10,variant11,variant13,
                  variant14,variant15,variant16,variant17,variant18,variant19,variant20,variant21,variant22,variant23,variant24,variant25,
                  variant26,variant27,variant29,variant30","{Java,Writing}",{}
540,2024-12-05 18:43:30.852011,2024-12-05 18:43:30.852011,lyndon@example.com,$2a$12$q0rEYXqor88mZibUDoIx1.xq4gPBjdowF1S4lbei0r4RJ4I5ot4bW,,,,Lyndon,Zulauf,active,,231.621.9312,Do you think I am easier to be played on than a pipe? Do you think I am easier to be played on than a pipe?,Central Standard Time (CST) - UTC-6,Trainee,https://www.linkedin.com/in/lyndon-zulauf-19335/,"https://api.dicebear.com/9.x/notionists/svg?seed=Lucky&radius=50&backgroundColor=D2042D&bodyIcon=galaxy,
                  saturn,electric&bodyIconProbability=10&gesture=hand,handPhone,ok,okLongArm,point,pointLongArm,waveLongArm&gestureProbability=20&
                  lips=variant01,variant02,variant03,variant04,variant05,variant06,variant07,variant08,variant10,variant11,variant13,
                  variant14,variant15,variant16,variant17,variant18,variant19,variant20,variant21,variant22,variant23,variant24,variant25,
                  variant26,variant27,variant29,variant30","{Java,Ruby}",{}
541,2024-12-05 18:43:31.290964,2024-12-05 18:43:31.290964,joaquin@example.com,$2a$12$QzLugjBQ2o0CqjZGlZScsuTs6P7jBjlYs2ZhMSBuKievtgtcTx9dK,,,,Joaquin,Hudson,archived,,(580) 916-3092,"A little more than kin, and less than kind. There is nothing either good or bad, but thinking makes it so.",Central Standard Time (CST) - UTC-6,Trainee,https://www.linkedin.com/in/joaquin-hudson-77252/,"https://api.dicebear.com/9.x/notionists/svg?seed=Lily&radius=50&backgroundColor=D2042D&bodyIcon=galaxy,
                  saturn,electric&bodyIconProbability=10&gesture=hand,handPhone,ok,okLongArm,point,pointLongArm,waveLongArm&gestureProbability=20&
                  lips=variant01,variant02,variant03,variant04,variant05,variant06,variant07,variant08,variant10,variant11,variant13,
                  variant14,variant15,variant16,variant17,variant18,variant19,variant20,variant21,variant22,variant23,variant24,variant25,
                  variant26,variant27,variant29,variant30","{Python,Java}",{}
542,2024-12-05 18:43:31.71953,2024-12-05 18:43:31.71953,jess@example.com,$2a$12$546BDdFM4wLsqm2.1LnIfu1JjlwsfG0CWdcaSkn6jfvAt/ajXYzwm,,,,Jess,Gottlieb,active,,203-456-9178,"To be, or not to be, that is the question Though this be madness, yet there is method in't.",Eastern Standard Time (EST) - UTC-5,Program Organizer,https://www.linkedin.com/in/jess-gottlieb-87489/,"https://api.dicebear.com/9.x/notionists/svg?seed=Sammy&radius=50&backgroundColor=D2042D&bodyIcon=galaxy,
                  saturn,electric&bodyIconProbability=10&gesture=hand,handPhone,ok,okLongArm,point,pointLongArm,waveLongArm&gestureProbability=20&
                  lips=variant01,variant02,variant03,variant04,variant05,variant06,variant07,variant08,variant10,variant11,variant13,
                  variant14,variant15,variant16,variant17,variant18,variant19,variant20,variant21,variant22,variant23,variant24,variant25,
                  variant26,variant27,variant29,variant30","{Organization,Networking}",{}
543,2024-12-05 18:43:32.146151,2024-12-05 18:43:32.146151,neville@example.com,$2a$12$wXu3ibpMApTcn34AiwQb0.5HFDrf.CR0EfzV6BzhYoESuAiX013KO,,,,Neville,Boyle,archived,,836 928 6144,"When sorrows come, they come not single spies but in battalions. To be, or not to be, that is the question",Pacific Standard Time (PST) - UTC-8,Program Organizer,https://www.linkedin.com/in/neville-boyle-93034/,"https://api.dicebear.com/9.x/notionists/svg?seed=Abby&radius=50&backgroundColor=D2042D&bodyIcon=galaxy,
                  saturn,electric&bodyIconProbability=10&gesture=hand,handPhone,ok,okLongArm,point,pointLongArm,waveLongArm&gestureProbability=20&
                  lips=variant01,variant02,variant03,variant04,variant05,variant06,variant07,variant08,variant10,variant11,variant13,
                  variant14,variant15,variant16,variant17,variant18,variant19,variant20,variant21,variant22,variant23,variant24,variant25,
                  variant26,variant27,variant29,variant30","{Writing,Networking}",{}
544,2024-12-05 18:43:32.576876,2024-12-05 18:43:32.576876,mittie@example.com,$2a$12$GxEcNzuvFnAxmL6VPWRPZeGpLB7fdEeppuhu23iKq.B/W2UUD348K,,,,Mittie,Pollich,inactive,,916-967-7347,"There is nothing either good or bad, but thinking makes it so. The lady doth protest too much, methinks.",Central Standard Time (CST) - UTC-6,Technical Support,https://www.linkedin.com/in/mittie-pollich-17782/,"https://api.dicebear.com/9.x/notionists/svg?seed=Buddy&radius=50&backgroundColor=D2042D&bodyIcon=galaxy,
                  saturn,electric&bodyIconProbability=10&gesture=hand,handPhone,ok,okLongArm,point,pointLongArm,waveLongArm&gestureProbability=20&
                  lips=variant01,variant02,variant03,variant04,variant05,variant06,variant07,variant08,variant10,variant11,variant13,
                  variant14,variant15,variant16,variant17,variant18,variant19,variant20,variant21,variant22,variant23,variant24,variant25,
                  variant26,variant27,variant29,variant30","{Leadership,Python}",{}
545,2024-12-05 18:43:33.006011,2024-12-05 18:43:33.006011,kelley@example.com,$2a$12$tQ/ShNdJEHvsxdaAtLN2c.4.lY7czFkDIYyC1Fh7HfTSi0gymZiyC,,,,Kelley,Sauer,archived,,(491) 157 4525,"A little more than kin, and less than kind. I will speak daggers to her but use none.",Pacific Standard Time (PST) - UTC-8,Trainee,https://www.linkedin.com/in/kelley-sauer-27086/,"https://api.dicebear.com/9.x/notionists/svg?seed=Buddy&radius=50&backgroundColor=D2042D&bodyIcon=galaxy,
                  saturn,electric&bodyIconProbability=10&gesture=hand,handPhone,ok,okLongArm,point,pointLongArm,waveLongArm&gestureProbability=20&
                  lips=variant01,variant02,variant03,variant04,variant05,variant06,variant07,variant08,variant10,variant11,variant13,
                  variant14,variant15,variant16,variant17,variant18,variant19,variant20,variant21,variant22,variant23,variant24,variant25,
                  variant26,variant27,variant29,variant30","{Python,Organization}",{}
546,2024-12-05 18:43:33.446963,2024-12-05 18:43:33.446963,patrick@example.com,$2a$12$H93DHOeyJDcnJ6zmp/USRePzywLMhh31QytYF2SlPlsfBBX.aIga6,,,,Patrick,Nienow,inactive,,264.766.8783,"Neither a borrower nor a lender be; For loan oft loses both itself and friend, and borrowing dulls the edge of husbandry. Doubt thou the stars are fire, doubt that the sun doth move, doubt truth to be a liar, but never doubt I love.",Mountain Standard Time (MST) - UTC-7,Trainee,https://www.linkedin.com/in/patrick-nienow-19562/,"https://api.dicebear.com/9.x/notionists/svg?seed=Lucky&radius=50&backgroundColor=D2042D&bodyIcon=galaxy,
                  saturn,electric&bodyIconProbability=10&gesture=hand,handPhone,ok,okLongArm,point,pointLongArm,waveLongArm&gestureProbability=20&
                  lips=variant01,variant02,variant03,variant04,variant05,variant06,variant07,variant08,variant10,variant11,variant13,
                  variant14,variant15,variant16,variant17,variant18,variant19,variant20,variant21,variant22,variant23,variant24,variant25,
                  variant26,variant27,variant29,variant30","{Writing,Writing}",{}
547,2024-12-05 18:43:33.884238,2024-12-05 18:43:33.884238,terrell@example.com,$2a$12$Pv1MLz.VbncMBJQMz8C8CuYr7Etii.5HFu9TdhM1iGfFaZxCqC5cu,,,,Terrell,Witting,inactive,,175-509-9457,That it should come to this! Do you think I am easier to be played on than a pipe?,Mountain Standard Time (MST) - UTC-7,Trainee,https://www.linkedin.com/in/terrell-witting-17001/,"https://api.dicebear.com/9.x/notionists/svg?seed=Lucky&radius=50&backgroundColor=D2042D&bodyIcon=galaxy,
                  saturn,electric&bodyIconProbability=10&gesture=hand,handPhone,ok,okLongArm,point,pointLongArm,waveLongArm&gestureProbability=20&
                  lips=variant01,variant02,variant03,variant04,variant05,variant06,variant07,variant08,variant10,variant11,variant13,
                  variant14,variant15,variant16,variant17,variant18,variant19,variant20,variant21,variant22,variant23,variant24,variant25,
                  variant26,variant27,variant29,variant30","{Networking,Python}",{}
548,2024-12-05 18:43:34.317107,2024-12-05 18:43:34.317107,dannie@example.com,$2a$12$Kc0Renp8D1GKe3EA7m1rveyL7VA/ME3eT5.6dU/b0stsgAGPUg4Pq,,,,Dannie,Funk,active,,(588) 213 7713,"There is nothing either good or bad, but thinking makes it so. Doubt thou the stars are fire, doubt that the sun doth move, doubt truth to be a liar, but never doubt I love.",Pacific Standard Time (PST) - UTC-8,Trainee,https://www.linkedin.com/in/dannie-funk-60575/,"https://api.dicebear.com/9.x/notionists/svg?seed=Coco&radius=50&backgroundColor=D2042D&bodyIcon=galaxy,
                  saturn,electric&bodyIconProbability=10&gesture=hand,handPhone,ok,okLongArm,point,pointLongArm,waveLongArm&gestureProbability=20&
                  lips=variant01,variant02,variant03,variant04,variant05,variant06,variant07,variant08,variant10,variant11,variant13,
                  variant14,variant15,variant16,variant17,variant18,variant19,variant20,variant21,variant22,variant23,variant24,variant25,
                  variant26,variant27,variant29,variant30","{Java,Ruby}",{}
551,2024-12-05 18:43:35.614628,2024-12-05 18:43:35.614628,domingo@example.com,$2a$12$TEy3vuE.4gQ35nE2OCPzzOQmy99rVQH6MhBwIXvPhDBNNqSfqC28u,,,,Domingo,Turcotte,inactive,,423-559-7771,"Neither a borrower nor a lender be; For loan oft loses both itself and friend, and borrowing dulls the edge of husbandry. Brevity is the soul of wit.",Mountain Standard Time (MST) - UTC-7,Trainee,https://www.linkedin.com/in/domingo-turcotte-31976/,"https://api.dicebear.com/9.x/notionists/svg?seed=Coco&radius=50&backgroundColor=D2042D&bodyIcon=galaxy,
                  saturn,electric&bodyIconProbability=10&gesture=hand,handPhone,ok,okLongArm,point,pointLongArm,waveLongArm&gestureProbability=20&
                  lips=variant01,variant02,variant03,variant04,variant05,variant06,variant07,variant08,variant10,variant11,variant13,
                  variant14,variant15,variant16,variant17,variant18,variant19,variant20,variant21,variant22,variant23,variant24,variant25,
                  variant26,variant27,variant29,variant30","{Java,Ruby}",{}
552,2024-12-05 18:43:36.044239,2024-12-05 18:43:36.044239,bryce@example.com,$2a$12$7Pd/QARHjbWqGcsqJuJdk.39BoG2j/iHL9DO7ZksnNRCWV7zWYYnG,,,,Bryce,Von,active,,115.265.4508,"I will speak daggers to her but use none. Neither a borrower nor a lender be; For loan oft loses both itself and friend, and borrowing dulls the edge of husbandry.",Mountain Standard Time (MST) - UTC-7,Trainee,https://www.linkedin.com/in/bryce-von-97960/,"https://api.dicebear.com/9.x/notionists/svg?seed=Jasmine&radius=50&backgroundColor=D2042D&bodyIcon=galaxy,
                  saturn,electric&bodyIconProbability=10&gesture=hand,handPhone,ok,okLongArm,point,pointLongArm,waveLongArm&gestureProbability=20&
                  lips=variant01,variant02,variant03,variant04,variant05,variant06,variant07,variant08,variant10,variant11,variant13,
                  variant14,variant15,variant16,variant17,variant18,variant19,variant20,variant21,variant22,variant23,variant24,variant25,
                  variant26,variant27,variant29,variant30","{Leadership,Communication}",{}
553,2024-12-05 18:43:36.471569,2024-12-05 18:43:36.471569,doyle@example.com,$2a$12$R/R0gWv6oWWclZRuDaVYC.hvp3fto/wHfRLItZ.zwk74v9aVokMfq,,,,Doyle,Wilderman,inactive,,9207238474,"This above all: to thine own self be true, and it must follow, as the night the day, thou canst not then be false to any man. There is nothing either good or bad, but thinking makes it so.",Mountain Standard Time (MST) - UTC-7,Trainee,https://www.linkedin.com/in/doyle-wilderman-13525/,"https://api.dicebear.com/9.x/notionists/svg?seed=Boo&radius=50&backgroundColor=D2042D&bodyIcon=galaxy,
                  saturn,electric&bodyIconProbability=10&gesture=hand,handPhone,ok,okLongArm,point,pointLongArm,waveLongArm&gestureProbability=20&
                  lips=variant01,variant02,variant03,variant04,variant05,variant06,variant07,variant08,variant10,variant11,variant13,
                  variant14,variant15,variant16,variant17,variant18,variant19,variant20,variant21,variant22,variant23,variant24,variant25,
                  variant26,variant27,variant29,variant30","{Java,Communication}",{}
554,2024-12-05 18:43:36.899372,2024-12-05 18:43:36.899372,whitney@example.com,$2a$12$qQB.Kj4dRh9pmQ7MTOgSiu4M13ObzeiA3DnB6EmFwjRnpAGBLfV3K,,,,Whitney,Hirthe,active,,710.841.6677,"A little more than kin, and less than kind. Brevity is the soul of wit.",Pacific Standard Time (PST) - UTC-8,Trainee,https://www.linkedin.com/in/whitney-hirthe-91042/,"https://api.dicebear.com/9.x/notionists/svg?seed=Loki&radius=50&backgroundColor=D2042D&bodyIcon=galaxy,
                  saturn,electric&bodyIconProbability=10&gesture=hand,handPhone,ok,okLongArm,point,pointLongArm,waveLongArm&gestureProbability=20&
                  lips=variant01,variant02,variant03,variant04,variant05,variant06,variant07,variant08,variant10,variant11,variant13,
                  variant14,variant15,variant16,variant17,variant18,variant19,variant20,variant21,variant22,variant23,variant24,variant25,
                  variant26,variant27,variant29,variant30","{Networking,Leadership}",{}
555,2024-12-05 18:43:37.331036,2024-12-05 18:43:37.331036,denny@example.com,$2a$12$bwXTgXsR78dbTDWRx1rx/euv2cdLAnDsLD/Z4ucK7HqLGNk9S54He,,,,Denny,Daniel,inactive,,790-155-9265,"Do you think I am easier to be played on than a pipe? When sorrows come, they come not single spies but in battalions.",Eastern Standard Time (EST) - UTC-5,Trainee,https://www.linkedin.com/in/denny-daniel-16552/,"https://api.dicebear.com/9.x/notionists/svg?seed=Sammy&radius=50&backgroundColor=D2042D&bodyIcon=galaxy,
                  saturn,electric&bodyIconProbability=10&gesture=hand,handPhone,ok,okLongArm,point,pointLongArm,waveLongArm&gestureProbability=20&
                  lips=variant01,variant02,variant03,variant04,variant05,variant06,variant07,variant08,variant10,variant11,variant13,
                  variant14,variant15,variant16,variant17,variant18,variant19,variant20,variant21,variant22,variant23,variant24,variant25,
                  variant26,variant27,variant29,variant30","{Java,Organization}",{}
556,2024-12-05 18:43:37.758378,2024-12-05 18:43:37.758378,xavier@example.com,$2a$12$MUZ23kDnGCSDF9LH9KUqqOXxjkg.Bp.JkWsh3S4D9hi8MS8aZCExC,,,,Xavier,Hagenes,active,,288 244 4738,"What a piece of work is man! How noble in reason, how infinite in faculty! In form and moving how express and admirable! In action how like an angel, in apprehension how like a god! The beauty of the world. The paragon of animals. Doubt thou the stars are fire, doubt that the sun doth move, doubt truth to be a liar, but never doubt I love.",Pacific Standard Time (PST) - UTC-8,Trainee,https://www.linkedin.com/in/xavier-hagenes-92211/,"https://api.dicebear.com/9.x/notionists/svg?seed=Lucy&radius=50&backgroundColor=D2042D&bodyIcon=galaxy,
                  saturn,electric&bodyIconProbability=10&gesture=hand,handPhone,ok,okLongArm,point,pointLongArm,waveLongArm&gestureProbability=20&
                  lips=variant01,variant02,variant03,variant04,variant05,variant06,variant07,variant08,variant10,variant11,variant13,
                  variant14,variant15,variant16,variant17,variant18,variant19,variant20,variant21,variant22,variant23,variant24,variant25,
                  variant26,variant27,variant29,variant30","{Networking,Ruby}",{}
557,2024-12-05 18:43:38.184842,2024-12-05 18:43:38.184842,alice@example.com,$2a$12$g7pSaBP5dqRreryoTzo0eOJNd6FlgfdFtwZYzzYqmpXhZ2bUWetPO,,,,Alice,Smith,active,,825.519.0353,"Rich gifts wax poor when givers prove unkind. What a piece of work is man! How noble in reason, how infinite in faculty! In form and moving how express and admirable! In action how like an angel, in apprehension how like a god! The beauty of the world. The paragon of animals.",Mountain Standard Time (MST) - UTC-7,Trainee,https://www.linkedin.com/in/alice-smith-72406/,"https://api.dicebear.com/9.x/notionists/svg?seed=Mittens&radius=50&backgroundColor=D2042D&bodyIcon=galaxy,
                  saturn,electric&bodyIconProbability=10&gesture=hand,handPhone,ok,okLongArm,point,pointLongArm,waveLongArm&gestureProbability=20&
                  lips=variant01,variant02,variant03,variant04,variant05,variant06,variant07,variant08,variant10,variant11,variant13,
                  variant14,variant15,variant16,variant17,variant18,variant19,variant20,variant21,variant22,variant23,variant24,variant25,
                  variant26,variant27,variant29,variant30","{Leadership,Python}",{}
558,2024-12-05 18:43:38.610104,2024-12-05 18:43:38.610104,bob@example.com,$2a$12$vcQeCEyy1zL0PGJO1Qh3IuE1gs0FtuxV7b..ni.spTC3AOBHTyoFi,,,,Bob,James,active,,(971) 371-9567,"Though this be madness, yet there is method in't. Though this be madness, yet there is method in't.",Eastern Standard Time (EST) - UTC-5,Trainee,https://www.linkedin.com/in/bob-james-79965/,"https://api.dicebear.com/9.x/notionists/svg?seed=Mittens&radius=50&backgroundColor=D2042D&bodyIcon=galaxy,
                  saturn,electric&bodyIconProbability=10&gesture=hand,handPhone,ok,okLongArm,point,pointLongArm,waveLongArm&gestureProbability=20&
                  lips=variant01,variant02,variant03,variant04,variant05,variant06,variant07,variant08,variant10,variant11,variant13,
                  variant14,variant15,variant16,variant17,variant18,variant19,variant20,variant21,variant22,variant23,variant24,variant25,
                  variant26,variant27,variant29,variant30","{Java,Writing}",{}
